ID,Client,Priority,Status,SLA
#001,Faye,Medium,Pending,19
#002,Bob,Critical,Closed,44
#003,George,Medium,Closed,8
#004,Bob,Medium,Open,38
#005,Faye,Medium,Closed,5
#006,George,Critical,Pending,32
#007,Alice,Critical,Open,11
#008,Bob,Low,Open,25
#009,Bob,Medium,Closed,7
#010,Charlie,Low,Pending,40
#011,Dana,Medium,Open,10
#012,George,Low,Closed,21
#013,Eli,Medium,Pending,13
#014,Faye,Low,Open,31
#015,George,Medium,Closed,34
#016,George,Low,Pending,25
#017,Eli,Critical,Closed,24
#018,Dana,Low,Pending,15
#019,George,Medium,Open,24
#020,Eli,Critical,Pending,9
#021,George,Medium,Pending,6
#022,Dana,Critical,Open,27
#023,George,Medium,Pending,28
#024,Alice,Critical,Open,48
#025,Bob,Medium,Pending,34
#026,Faye,Critical,Pending,46
#027,Faye,Medium,Pending,11
#028,Bob,Low,Closed,37
#029,George,Low,Pending,38
#030,George,Critical,Closed,32
#031,George,Critical,Closed,11
#032,Dana,Low,Pending,6
#033,Charlie,Low,Pending,32
#034,Faye,Critical,Closed,33
#035,Charlie,Low,Open,31
#036,Alice,Critical,Closed,33
#037,George,Medium,Pending,2
#038,George,Medium,Closed,14
#039,Dana,Critical,Closed,28
#040,George,Critical,Open,40
#041,Alice,Critical,Closed,30
#042,Bob,Critical,Pending,31
#043,Eli,Critical,Closed,19
#044,Faye,Low,Open,23
#045,Alice,Low,Closed,47
#046,Dana,Critical,Open,14
#047,George,Critical,Closed,14
#048,Dana,Critical,Closed,28
#049,George,Low,Closed,35
#050,Alice,Low,Open,19
#051,George,Medium,Open,12
#052,Bob,Low,Pending,26
#053,Alice,Low,Pending,22
#054,Charlie,Low,Open,7
#055,George,Low,Open,48
#056,Faye,Low,Pending,46
#057,Faye,Critical,Closed,1
#058,Charlie,Medium,Closed,4
#059,Charlie,Medium,Open,27
#060,Charlie,Critical,Closed,9
#061,George,Low,Closed,4
#062,Faye,Medium,Open,31
#063,Dana,Critical,Open,7
#064,Eli,Low,Closed,27
#065,Eli,Critical,Open,28
#066,Alice,Low,Closed,17
#067,Dana,Medium,Pending,7
#068,George,Low,Open,19
#069,Eli,Critical,Closed,5
#070,Faye,Medium,Pending,42
#071,Dana,Critical,Pending,35
#072,Charlie,Medium,Open,1
#073,Charlie,Low,Pending,38
#074,Faye,Medium,Closed,47
#075,Faye,Medium,Open,7
#076,Dana,Critical,Closed,36
#077,George,Critical,Closed,46
#078,Eli,Critical,Open,39
#079,Dana,Critical,Open,12
#080,Faye,Critical,Closed,6
#081,Alice,Medium,Pending,17
#082,Dana,Critical,Pending,23
#083,Eli,Critical,Closed,21
#084,Dana,Low,Open,32
#085,George,Critical,Pending,1
#086,Dana,Low,Pending,4
#087,George,Medium,Closed,48
#088,Faye,Medium,Open,14
#089,Faye,Critical,Open,24
#090,Charlie,Medium,Pending,31
#091,Charlie,Low,Closed,17
#092,Alice,Low,Closed,13
#093,George,Critical,Closed,26
#094,George,Critical,Open,21
#095,Charlie,Critical,Open,30
#096,Eli,Low,Closed,20
#097,Bob,Medium,Pending,9
#098,George,Medium,Pending,17
#099,Eli,Medium,Pending,29
#100,George,Medium,Open,14
